cid,rsip,xname,xsip,csecret,atok,rtok,asip,atokexp,rtokexp,pubkey,privkey,checkpin
andre--vhost-3450@terrortime.app,,andre--vhost-3450@terrortime.app,chat.terrortime.app,b'\x19\x98\xc2\x10@q\x9eOV\x00\x8cgY\\\xe2L',,,register.terrortime.app,0,0,"-----BEGIN PUBLIC KEY-----
MIIBITANBgkqhkiG9w0BAQEFAAOCAQ4AMIIBCQKCAQBLr1/K0T3Lk9e5YD//YKb9
BNSVQ+nFYOVnH9iWocidv6r7xXV30Lld5BXbQbQFAjuyqx7VKoOPEpznGupovCRO
zWoLCSLqgNodFrSHUBsyaa5lIVI6+30g/IQHIwM0G2g5CS2GqrbedZIeXkfCcgvw
ibWJ99TD8ZxRBAcccUAFG9vO/AXJtznBnIEFSNSOY9BnLqTlV1C5nJFKee5/4H7a
9rFcf0WFdZ847z2G+eLkitbjPTECXkyexjzJKMS/fj/L8lQSZM3Rzr4ziX80RX4/
B46DdqAZ4amxjV06jJfRlhr2klWSMYAghm04qkhj4zfVkKLeFkyf4XfXPUqneLWb
AgMBAAE=
-----END PUBLIC KEY-----
","b'h\xec\xbak#\xeb\xd5Y\x84\x87\x8f3G\xef\x0fi\xfc7\x0f\xde\x8a@\x8722b\xd2)=\xcfzb\x02K\x8c\xfdT2\x16%\x1b\x1c\x01*\x91AT\x0e\x87\xd6}P\xfd\x9dj\xb5\x13x\xfe\xd4\xc2\x13B\xf3\xcb_\xae\xca\xc5\x08>?\x08d\xc65\x9fN|c\xe2a\xca\xc0m\xe7\xdf\xbd2\xdc]*\x04.\xf6\xd4\xacG\xc8\x0eL#\x02\xbc\xe5-W\x02\xf2r1\xb4x~\x96m\xca\x9b\xc3\xbeM\x97\xe8\xd3\xd4\xd2\x03\xcc\x9acW\xdd6\x15e\xc8\xd3\x1f>\xac\x9ax\xb1\x9d\xb0\x94}\x11{%\x17b%\x15\xf0Y\x96\xf7\x86)d\xd8Pj\x9e\xfb\xdaS\xbe\xaf\x8aDR\xc8\x01\x93\xb0xW#\xe7\xaa\xfa\xe4)Ym\xbfA\xe9\xa8\xa1\x13?\xa0s\xd3\xb3E\x1cn\x05%z\n\xa7\xbd3t\xe7\x14)\xf1\x97\x1d\xd3\x84\xb4\xbc\x9e\xc7\x877\xe66qz\x8a\xab|\x93\xb5\xb9\xe3\xb1\x15c\xcdd\xd5\xba\x17\xde\r\xab/\xddV\x89\x9f}\xab\x1c5\xb8\xedV \xb9v_4\x9a4+G\x89\x0f\xcew?\x16\xb5\xbdM\xa4\xe5\xb1\xce\xbd\x06^S%=\x8csr\x10z&\xc6FW\xbe\xdflPlb+6\x84u`-%en\xee\x05\xe7\xc2\x9e\xd47\xe5\x80f\x1c\x876\x85\x93M\xa2n\x8e\xa37\xf8]&\x05\x86\xc5\xd8\x935\x8dkR-\x15\xbaf\xf0\x06m\xf6IO\xc9e\x1f3`\x96\xf4\x91\xc4KKU\x93\xf8S\x1e@Ma\x8d\xf9CHu\xa6W\xacv\xf0`\x18&Eq^\x05A+\xaca\xe4\x7ff-\x84\x08,\x96\x85)\x81\xbc\x96\xb0\xec}q\x0e\x03\xa6\x8bmC\xd0\xbc\xa1\xf3\x9e\x1f\xac\xbat\xb7\xf9\x05\x0e\xc8\xf3s8\xa9N\x91\xb1\x0f,\xbf\x8b\x88\xc3""\x03\xaf\xce\x97\xab\x98F\xee\xee:\xbb\x8c\xe5\xa3\x9fV\xbf\xa5z\xdbm\xf6\xa0\xed\x88\xb3\x89\xa7s""+K\x80\xcft\xa0\xdc\xaf\xdd\xc2\xb5\xd0\x01;[\xd2Pe\x9f\xde?\xe6}\xa5\x88\xa7T)\xae\xa2\xc2PE%\xef\xa9\xb4\x1a.l\xe0v\xac0\x0c4!\xc2m\x86G\x81\x94;\xbe\xa8\xcfA\xd7i\x1c\xe2vv\xafA\xfb\xe9:\xc8\xe3\xcf\xf2\x13\xcbs\x01\xcd\xe5;<K\xe3A\xd6V*`\xab\x8916\x1d\x9c\xb7\xe4\x03\xca{\xd0c\xa8W\xce\x8d \xff\x13T\x04\xf6\xd2\xf2<\x86\xd7\xad\xc4\xb1V\xe5e6Z\x80F_(#b|\x9f5[\x91\x18\x04\xef[\xb0\x13H\xda+\xa8\xe17\xb1\x86]\xa5\x13[\xb6\x97+\x02\xc2)mGB\xc5v\x1d\xce\x8b\xc3\x94\x887}\xa1\x97\xed0\xf4\xe7\x92K6V\xf7W\x1fH\x0e\xd1$x$^(\xa9\x9c\xa0L\x13\xc6\xdc\x19X \xfc\x16\xddL\x01\xe1\xce\xfbE\x01\xf8\xb8h\xb2\xbf\x04\xedknQe\'\xcd\x0f\xda\xbc\x9eS\x12o\xeb\xdd\xeb\xdf\xe72\xd3\x9d[\x9aS+\xa7\x1a\xdcO8\x0f\x9d\x02\xd4""""\xa13\x9cC[\xa8l\x8d!\x04}H!F-.\xe6[\xc10\x11\xa9\x07!\xad\x0f\x1d\x12\xdac\x82\xab\'\x98\xe8\xd9\x18\xf3\x97K\xf1\x91\xd8\xb6D2h\x9f\xd3\\,G\x15\xb2{Q\x7f{2M\x8eC<\xb556)_\xf8\xf4\xfc\x96\x15\xdc\x01/\x98?\xce;m\x1b\x04\xc7\xcc\x85l\x16d\x8f\xccZ\xf7\xe5&\xd0\xe7\x02\xfb8vE\x14\x98R\x19\x0f4ri/\r\x95\xf7\xb42M\xc56\xd5\x00\xbf\xdd\x16Z\xb1\xcb\x13\xba\xedj)!\xf9\xf0D\xac\xd6\xf71r\xee\x87\xe9\xed\xa5u\x81\x9c\xb9\xb3^BrM\xe9\xd4$R6\x93\x9f5\x13WZyE\xe8\xa7\x9e\x17\xf3\xa9\xc2\xe7\xe1\x0e\x07\x9e\xceC\xf7@\x04\x94!\xbc\x954\xb6\xe0p\x94Y+\x15\xd1>\xf7\x0f\xeb8U\xc8\\\xca\xd0\xec\x1e\xf0q1\xe4\x0f\x16\xd9\xa3\xf7#R\xf6\xc1\xbe\xf3\x1b\x12\xfd\xc4z3\x0bI\xeb\xa5\xff\xc5\xdb\x92\r\xbc\xd76\x94\x8a\xc6;3\xd1\xb0\xa5\x1f\xa3\x12\xb1\xc7\xdc\xb7\x02\x8f\xfc\\.b*\xb0\xcf\xa8\x1fl\x04^4\xc7,\x9do\x1d\xda2\x91\xc4\xdc\x0bIZN\x10\xdf R\x18\xf5\x14\x80\xabl\xf6\x0e\x15\x01\x9b\xc2\xba0stQ\xe2l\xe4j\xcb\x1f\xf5\x99\x9c2\x8cj\xcc\x0f\xa5,N@U\x95`5\x87k!\x1e\x9ak\xe2,\x14\xe2\x7f\x16l\x82\xd5\xcf\xc0uj\xb1\xa1n`.\x934\xa2[FG\x86\x83=L\x94\x9c\xe4\x8e\xedG\x866QO\xa7\x00P5\x8f\xad5\xeco\xfe*\xd1\xc9B0p\xd8\xde\xd3\xe4\x8c\x10\x1eT\xe9v,\x86\xec\xacy\xb3\xb8\x07a|-j\x86\xd9\xa1\x02,?35\xf1\xb3\xcb2\x82r\x8e\x7f\x90\x8b\x92\xc0U\xf9MKu\xbe\xa7\xe6\x1c\x9djDV\xe7\x95\x94\x1d\xb0\xf8\xb5\xa2PRh\x9b\xe7O\xda\xc2@l\xe6\xbc\x89\xc4\xca\xa9\xe7\xbc\x84\xa6\xe7\xbcM\x04\x1aZ\xef#\xc2\ns\xaf=\x1a\x16V\x1f\xd1\x19\x13\x0c-d\xa0\xe63_j\x94!\xacd\xe4\xcc\xb1\xa3\xa8\x93\x13\xb7>\t\x14\xc9X@T\xc6Q\x98D\x91\xf8\xaaB\x8fuz~\x14\xf2\x14DKnK\xa9\xddqwm\x93\x16\x9b\x95D\x89\xb4_D\x8ft\xeb\x1b;\xbf\x83P\xc5\x84\xc7\xdb\x14\xb7\x1b\x0cK\x90\x0c\xc2S\x1c\x15\x90/i\xff+\xc1\x9a#\x95\x0c\n)\xbc\x87M\xc07tG4\xc8\r]=\xfc\x19\x8f\xf8$\xe5m\xe1`<\xca\xd8\xfc$\xc3\x1b\xa1\xa1W\xea\xe4t\xfbx\x82\xd49_z""O\xc8\x06\r\x0f`\xb6\xb4&\xcc\xd4?\xfd\x1a3\xf2\\\x82LR_\xeb\x9fD?\xc1\x98\xc3\xc4\x01-)\x96L-U@H>\xea={\xa1\xa9\xf73\xa1\xa9\x96\xb3\xd1\x1cS\xfdV\x9b\xca@eI@\t\x1cJ\xaadR>x\xb3\\\x06\xb9\xee@\x84\xd1\xd3\xf8\x1f3:\xe5O\xb3R:G\x86\xe6:\x10f\x07=\xc2\x97\xa9\xf1\xac\x1f\x9dX\xf6\xc2S\xbdJ\xe7\xc4\xda\xe4\x87\xd79\x89\x9f\x01\xecO@:\x98fB\x9f\xfc)N\xa8\x8f\xd0\x99Q$F4O\xa8ci\x9e\xa0\xd1\xf1\xd5\xcd\x10\xae\x90\xce\xb6\x89\x05 J\\G\xed\x114(<\xd8B\xc0W\xd6(v\x12\xeb&\x8f\x14\xe8W\xe9\x8e\xa6\xf2\x0e\xc9\x0c\x94\xb0K\xa1n^\x96\x1b\x8d\xc9\xb1\x93\xb4\xdcG\x80\xa7V\x82.\x03\x05r\x8e\x8a\xd93\x0fm\xda\xeaIhK\xa0\xd3&BS\xe1\xa6a\xae\xa9\x11\xa3\xa0<\xbe8\xe8\x94u\xc2`C\xe0\xad\xb65@\x86\xd8\xce\xe4-\xeaVM\xc3\xe9nR\x11\x00\x85.^\x7f-\xddv\x9a\xcb\xd1\x8d\x07\x04{\x10F""c\x8c\x01z\xd8\xda\xd0r9\x84\xb5v1\x82\xbc\x18\x8e,>\x12\x84\xc2\xdd\x9d\xc0\xa1-\xdf\x80\xcd\xfdk\xd6T\xcel\xb0\x84\xfdo\xa4\xf2+\xd4:'","b'\xf1\xa0}\xd8~V%\xeaQ\xc7\xe0\xd1\x9d-\xea\x12$\xd7VipN\x12\xaa\xe5!\xf6,\xdc\x9fmh'"
